,gold,aud,jpy,cad
gold,1.0,-0.01383037965089012,-0.009527310261837809,0.03626563569247479
aud,-0.01383037965089012,1.0,-0.7780487995838056,-0.857144305272025
jpy,-0.009527310261837809,-0.7780487995838056,1.0,0.6568918725270051
cad,0.03626563569247479,-0.857144305272025,0.6568918725270051,1.0
