{
  "uptrends": {
    "duration": {
      "count": 425,
      "mean": 27.856470588235293,
      "median": 6.0,
      "std": 44.97987612679473,
      "min": 1.0,
      "max": 280.0,
      "ci_lower": 23.580055419011448,
      "ci_upper": 32.132885757459135
    },
    "return": {
      "count": 425,
      "mean": 0.40667358850715063,
      "median": 0.00484039377755939,
      "std": 1.0138158885821236,
      "min": -1.0511856444477614,
      "max": 6.549266895433354,
      "ci_lower": 0.31028609218521064,
      "ci_upper": 0.5030610848290906
    }
  },
  "downtrends": {
    "duration": {
      "count": 396,
      "mean": 18.954545454545453,
      "median": 5.0,
      "std": 30.820968606921078,
      "min": 1.0,
      "max": 227.0,
      "ci_lower": 15.918874037163926,
      "ci_upper": 21.99021687192698
    },
    "return": {
      "count": 396,
      "mean": -0.20174628782825377,
      "median": 0.0,
      "std": 0.6067462850417107,
      "min": -4.026501661030142,
      "max": 1.395953132659038,
      "ci_lower": -0.2615069779802802,
      "ci_upper": -0.1419855976762273
    }
  },
  "ranging": {
    "duration": {
      "count": 819,
      "mean": 16.218559218559218,
      "median": 4.0,
      "std": 24.75073479188521,
      "min": 1.0,
      "max": 120.0,
      "ci_lower": 14.52343231319537,
      "ci_upper": 17.913686123923064
    },
    "return": {
      "count": 819,
      "mean": -0.00498265135459169,
      "median": 0.0,
      "std": 0.6415451105480157,
      "min": -5.145429414069134,
      "max": 5.993230072834044,
      "ci_lower": -0.048920756103349027,
      "ci_upper": 0.03895545339416565
    }
  },
  "time_distribution": {
    "uptrend_pct": 36.28478607331127,
    "downtrend_pct": 23.004781169547627,
    "ranging_pct": 40.710432757141106,
    "total_hours": 32628.0
  },
  "pullbacks_and_rallies": {
    "pullbacks": {
      "count": 1772,
      "mean": 0.1894229397762287,
      "median": 0.12855762098568496,
      "std": 0.20410565464076885,
      "p25": 0.05987033155529967,
      "p75": 0.24592766923751716
    },
    "rallies": {
      "count": 1147,
      "mean": 0.18060616301340557,
      "median": 0.12500068531077324,
      "std": 0.18268741567257762,
      "p25": 0.05896236937834214,
      "p75": 0.23438463779379465
    }
  }
}