{
  "metrics": {
    "accuracy": 0.8807540552389302,
    "precision": {
      "range": 0.8529271775345074,
      "up": 0.8952176249328319,
      "down": 0.9333333333333333
    },
    "recall": {
      "range": 0.8853754940711462,
      "up": 0.9123767798466593,
      "down": 0.7865168539325843
    },
    "f1": {
      "range": 0.8688484848484849,
      "up": 0.9037157580688907,
      "down": 0.8536585365853658
    },
    "support": {
      "range": 2024,
      "up": 1826,
      "down": 712
    },
    "confusion_matrix": [
      [
        1792,
        192,
        40
      ],
      [
        160,
        1666,
        0
      ],
      [
        149,
        3,
        560
      ]
    ]
  },
  "baselines": {
    "random": 0.32200789127575624,
    "majority_class": 0.44366505918456817,
    "rule_based": 0.44366505918456817
  },
  "model_accuracy": 0.8807540552389302,
  "test_samples": 4562
}