{
  "metrics": {
    "accuracy": 0.8665934065934066,
    "precision": {
      "range": 0.8054439982150825,
      "up": 0.9178082191780822,
      "down": 0.9635036496350365
    },
    "recall": {
      "range": 0.9134615384615384,
      "up": 0.9290666666666667,
      "down": 0.5665236051502146
    },
    "f1": {
      "range": 0.8560588095802704,
      "up": 0.9234031274847602,
      "down": 0.7135135135135136
    },
    "support": {
      "range": 1976,
      "up": 1875,
      "down": 699
    },
    "confusion_matrix": [
      [
        1805,
        156,
        15
      ],
      [
        133,
        1742,
        0
      ],
      [
        303,
        0,
        396
      ]
    ]
  },
  "baselines": {
    "random": 0.33406593406593404,
    "majority_class": 0.4342857142857143,
    "rule_based": 0.4342857142857143
  },
  "model_accuracy": 0.8665934065934066,
  "test_samples": 4550
}