{
  "metrics": {
    "accuracy": 0.9360150062526053,
    "precision": {
      "range": 0.9062870699881376,
      "up": 0.9669421487603306,
      "down": 0.9722814498933902
    },
    "recall": {
      "range": 0.9703640982218459,
      "up": 0.921919770773639,
      "down": 0.8769230769230769
    },
    "f1": {
      "range": 0.9372316499693314,
      "up": 0.9438943894389439,
      "down": 0.9221435793731041
    },
    "support": {
      "range": 2362,
      "up": 1396,
      "down": 1040
    },
    "confusion_matrix": [
      [
        2292,
        44,
        26
      ],
      [
        109,
        1287,
        0
      ],
      [
        128,
        0,
        912
      ]
    ]
  },
  "baselines": {
    "random": 0.3238849520633597,
    "majority_class": 0.49228845352230094,
    "rule_based": 0.49228845352230094
  },
  "model_accuracy": 0.9360150062526053,
  "test_samples": 4798
}