{
  "metrics": {
    "accuracy": 0.8417757541263517,
    "precision": {
      "range": 0.7966321243523317,
      "up": 0.8583765112262521,
      "down": 0.9039408866995073
    },
    "recall": {
      "range": 0.8355978260869565,
      "up": 0.9822134387351779,
      "down": 0.7126213592233009
    },
    "f1": {
      "range": 0.8156498673740054,
      "up": 0.9161290322580645,
      "down": 0.7969598262757872
    },
    "support": {
      "range": 736,
      "up": 506,
      "down": 515
    },
    "confusion_matrix": [
      [
        615,
        82,
        39
      ],
      [
        9,
        497,
        0
      ],
      [
        148,
        0,
        367
      ]
    ]
  },
  "baselines": {
    "random": 0.31986340352874215,
    "majority_class": 0.4188958451906659,
    "rule_based": 0.4188958451906659
  },
  "model_accuracy": 0.8417757541263517,
  "test_samples": 1757
}