{
  "mean": [
    1.0696028654808227,
    1.0703779606725958,
    1.0688352424958312,
    1.0695989535853252,
    4770.700875486381,
    49.54806284331355,
    -3.332050318994307e-05,
    -3.33845670276856e-05,
    6.406383774092112e-08,
    0.001547327692718334,
    1.0681438291411898,
    1.0658508094357977,
    1.0544020497324902,
    26.83499026615365,
    1.0696461190494162
  ],
  "scale": [
    0.0374693955989047,
    0.03733241997310385,
    0.037586662628049966,
    0.03746309959210361,
    3930.6358085321926,
    12.814999876513424,
    0.001297141527903182,
    0.0012210109474356501,
    0.0003916011892908422,
    0.0005153544124972143,
    0.0538919202325404,
    0.07257236584552867,
    0.1300866303986801,
    11.346991237565863,
    0.03744735927222758
  ],
  "feature_columns": [
    "open",
    "high",
    "low",
    "close",
    "volume",
    "rsi",
    "macd",
    "macd_signal",
    "macd_histogram",
    "atr",
    "sma_short",
    "sma_long",
    "sma_200",
    "adx",
    "vwap"
  ],
  "n_features": 15
}