{
  "mean": [
    1907.5941210172464,
    1909.8916756796257,
    1905.2631552177727,
    1907.621356182403,
    7037.468649517685,
    50.53697083673424,
    0.25242717845563767,
    0.25217501028767775,
    0.0002521681679598966,
    4.642387676729654,
    1904.7410457285882,
    1900.213508884829,
    1877.4255647391117,
    26.897959731107065,
    1907.560985247358
  ],
  "scale": [
    139.86906639331207,
    140.1121373470002,
    139.60845104639296,
    139.90333241577147,
    11061.66301104087,
    12.806776776626185,
    3.934344904628387,
    3.697227576991055,
    1.203158410319259,
    1.6128914554569007,
    156.36647387462824,
    179.2299391362046,
    264.022260507499,
    11.193666215001086,
    139.69653261127
  ],
  "feature_columns": [
    "open",
    "high",
    "low",
    "close",
    "volume",
    "rsi",
    "macd",
    "macd_signal",
    "macd_histogram",
    "atr",
    "sma_short",
    "sma_long",
    "sma_200",
    "adx",
    "vwap"
  ],
  "n_features": 15
}