{
  "mean": [
    95003.78747949102,
    95340.58049311485,
    94668.02877137573,
    95004.88121560783,
    0.11665877677012149,
    51.038718894377304,
    40.01299398431681,
    40.107419323133605,
    -0.09442533881679692,
    677.14429804273,
    94679.5003303288,
    94163.6422680357,
    91487.33004604325,
    26.39857897864705,
    94723.70948838154
  ],
  "scale": [
    8373.864881948815,
    8361.356396922889,
    8380.383381747162,
    8369.849217253004,
    0.39206311406726146,
    11.69382509323962,
    525.7283561250134,
    489.6871435133994,
    171.06136163795904,
    285.7710920420003,
    10038.268511752534,
    12213.362154137856,
    19611.663370962233,
    12.09427796114574,
    9685.616715499897
  ],
  "feature_columns": [
    "open",
    "high",
    "low",
    "close",
    "volume",
    "rsi",
    "macd",
    "macd_signal",
    "macd_histogram",
    "atr",
    "sma_short",
    "sma_long",
    "sma_200",
    "adx",
    "vwap"
  ],
  "n_features": 15
}