{
  "mean": [
    1906.5010644050412,
    1908.7951524032821,
    1904.1739017438451,
    1906.5273862837046,
    7026.467247948417,
    50.53754260319172,
    0.25410019913319337,
    0.2551842542964281,
    -0.0010840551632347324,
    4.635931556916031,
    1903.6422068801292,
    1899.1012721849356,
    1876.1485163936109,
    26.9239349434584,
    1906.4698584935468
  ],
  "scale": [
    138.42238210826986,
    138.65807694268113,
    138.1697431652279,
    138.45431800647304,
    11066.791624747184,
    12.820846823004715,
    3.939091395678124,
    3.701404853031796,
    1.2038205437391645,
    1.609781213033547,
    155.0999630516094,
    178.15116852863997,
    263.195165451587,
    11.195991950168793,
    138.25353880871052
  ],
  "feature_columns": [
    "open",
    "high",
    "low",
    "close",
    "volume",
    "rsi",
    "macd",
    "macd_signal",
    "macd_histogram",
    "atr",
    "sma_short",
    "sma_long",
    "sma_200",
    "adx",
    "vwap"
  ],
  "n_features": 15
}