{
  "clean_accuracy": 0.8145054945054945,
  "perturbed_accuracy": 0.4342857142857143,
  "accuracy_degradation": 46.6810577441986,
  "relative_loss": 46.6810577441986,
  "prediction_correlation": NaN,
  "correlation_p_value": NaN,
  "per_class_robustness": {
    "range": {
      "clean_accuracy": 0.9524291497975709,
      "perturbed_accuracy": 1.0,
      "degradation": -4.994686503719445,
      "samples": 1976
    },
    "up": {
      "clean_accuracy": 0.8373333333333334,
      "perturbed_accuracy": 0.0,
      "degradation": 100.0,
      "samples": 1875
    },
    "down": {
      "clean_accuracy": 0.36337625178826893,
      "perturbed_accuracy": 0.0,
      "degradation": 100.0,
      "samples": 699
    }
  },
  "acceptable_degradation": false,
  "acceptable_correlation": false
}