{
  "train_loss": [
    0.8071758211983575,
    0.6813642345534431,
    0.6615137934684754,
    0.6428922030660841,
    0.6317397679222955,
    0.6196863371796079,
    0.6027132218413883,
    0.5925337681505415,
    0.5780807697772979,
    0.5469183048937056,
    0.5082875874307421,
    0.4554584120379554,
    0.4061300428708394,
    0.3676455428202947,
    0.3359757892290751,
    0.31857610801855724,
    0.29784913069672053,
    0.2830470309323735,
    0.2834366712967555,
    0.2705411577887005,
    0.26128729982508553,
    0.2535979022913509,
    0.2599712950984637,
    0.24921986060010062,
    0.2435202536318037,
    0.23379104008277257,
    0.23126890950732762,
    0.2373433757490582,
    0.23138523648182552,
    0.22598516308599048,
    0.2268519186311298,
    0.22459731370210648,
    0.2247261952691608,
    0.22477845516469744,
    0.21691780530744129,
    0.2114767966005537,
    0.20987049669027327,
    0.2134835857484076,
    0.2135946116844813,
    0.21018182499541177,
    0.21722354756461248,
    0.2100073582927386,
    0.19957770749926568,
    0.1989195767707295,
    0.19870700067943997,
    0.19602015043298404
  ],
  "train_accuracy": [
    58.143413007226236,
    64.67481934408005,
    66.09922178988327,
    67.33602001111728,
    68.07254030016676,
    68.9549749861034,
    70.15703168426904,
    71.2201222901612,
    72.22762645914396,
    74.10366870483602,
    76.54947192884936,
    79.9402445803224,
    83.03224013340746,
    84.6650917176209,
    86.23540856031128,
    86.90244580322401,
    87.86131183991107,
    88.62562534741524,
    88.57698721511952,
    89.25097276264592,
    89.21623123957754,
    89.67481934408005,
    89.45247359644247,
    90.04307948860477,
    90.47387437465258,
    90.64758198999444,
    90.68927181767648,
    90.50166759310729,
    90.6058921623124,
    90.90466926070039,
    90.76570316842691,
    90.89772095608672,
    91.09922178988327,
    91.1964980544747,
    91.59255141745415,
    91.62729294052251,
    91.5508615897721,
    91.53696498054475,
    91.467481934408,
    91.64118954974987,
    91.32851584213452,
    91.6828793774319,
    92.01639799888827,
    91.99555308504725,
    92.28043357420789,
    92.34991662034463
  ],
  "val_loss": [
    0.664671524365743,
    0.6398544522126516,
    0.6184602415561676,
    0.6280433642864227,
    0.60707395195961,
    0.5898656421899795,
    0.5790514250596365,
    0.556171646118164,
    0.5421762734651565,
    0.5094582883516947,
    0.4604223855336507,
    0.4241529760758082,
    0.35950242082277933,
    0.3072059987982114,
    0.28298127159476283,
    0.25791873420278233,
    0.25661840170621875,
    0.2283125569547216,
    0.2319046448916197,
    0.22385729361325502,
    0.19749781634658575,
    0.20232041484365862,
    0.20388797614723445,
    0.1900017188116908,
    0.19650191480914753,
    0.24006869532167913,
    0.17826592562099297,
    0.1850146053234736,
    0.20520849155882995,
    0.18199064457168182,
    0.1846816850081086,
    0.1720448806261023,
    0.17781838881472747,
    0.1709868187022706,
    0.16001523908227683,
    0.15381098540499807,
    0.17228364397461216,
    0.17161278372630476,
    0.19810574581225712,
    0.1626858293544501,
    0.1768970923125744,
    0.16448883313685655,
    0.17875588111579419,
    0.16196843955665827,
    0.15529913214966654,
    0.16309481590986252
  ],
  "val_accuracy": [
    66.66666666666667,
    67.50052115905774,
    69.00145924536169,
    68.83468834688347,
    70.12716281008964,
    71.19032728788827,
    72.149259954138,
    73.56681259120283,
    74.37982072128413,
    76.63122785074005,
    79.42464040025015,
    80.94642484886387,
    86.42901813633522,
    90.47321242443194,
    90.89013967062748,
    91.494684177611,
    90.18136335209506,
    92.55784865540963,
    91.72399416301856,
    91.70314780070878,
    92.93308317698562,
    92.51615593079008,
    92.51615593079008,
    92.99562226391495,
    92.43277048155097,
    90.22305607671461,
    93.28747133625183,
    93.20408588701271,
    91.30706691682302,
    92.87054409005628,
    92.47446320617053,
    93.82947675630602,
    92.89139045236607,
    93.82947675630602,
    94.26725036481135,
    94.49656035021889,
    93.01646862622472,
    93.47508859703981,
    91.34875964144257,
    93.60016677089848,
    92.87054409005628,
    93.87116948092557,
    92.64123410464875,
    93.80863039399625,
    94.05878674171358,
    93.6627058578278
  ],
  "epochs": [
    1,
    2,
    3,
    4,
    5,
    6,
    7,
    8,
    9,
    10,
    11,
    12,
    13,
    14,
    15,
    16,
    17,
    18,
    19,
    20,
    21,
    22,
    23,
    24,
    25,
    26,
    27,
    28,
    29,
    30,
    31,
    32,
    33,
    34,
    35,
    36,
    37,
    38,
    39,
    40,
    41,
    42,
    43,
    44,
    45,
    46
  ],
  "best_epoch": 36,
  "best_val_accuracy": 94.49656035021889
}