{
  "train_loss": [
    0.7825722304460044,
    0.6500967100401905,
    0.6255045751823443,
    0.6096124447116228,
    0.5894810578254895,
    0.5662108243347328,
    0.5354987100184521,
    0.49679087088486856,
    0.43643086118118785,
    0.3952228408132758,
    0.35627761079329195,
    0.33394500989223197,
    0.30200287052125574,
    0.2950852531417508,
    0.27960038498461803,
    0.26956141593857347,
    0.257750046587436,
    0.25894606740118187,
    0.2515307833031516,
    0.24760906548004283,
    0.23895258616621248,
    0.23942912787756074,
    0.23221909066784047,
    0.23378250072492618,
    0.22421492068706272,
    0.22015798004848935,
    0.22130814591579348,
    0.21683889516046115,
    0.2131864781204228,
    0.2079492407006638,
    0.19885370862957474,
    0.2068202871237403,
    0.2031159270380702,
    0.20485198017314216,
    0.1998155551187903,
    0.2001632593363245,
    0.2075283175734716,
    0.18963115937381148,
    0.1920242513242726,
    0.18662539121007252,
    0.185089568459542,
    0.18424642841531852
  ],
  "train_accuracy": [
    61.38555977784274,
    66.82256650102309,
    68.59836305173926,
    69.18298743057585,
    70.86378251973107,
    72.75650394621455,
    74.8465361005554,
    77.75504238526747,
    81.1166325635779,
    83.20666471791874,
    85.19438760596317,
    86.56825489622918,
    87.89096755334697,
    88.13212510961706,
    88.82636655948554,
    89.04560070154926,
    89.82022800350775,
    89.88599824612686,
    89.76907337035955,
    89.97369190295235,
    90.42677579655071,
    90.28792750657702,
    90.49254603916984,
    90.6021631102017,
    91.09178602747734,
    91.27448114586379,
    91.03332358959369,
    91.4425606547793,
    91.43525285004385,
    91.60333235895936,
    91.99064600993862,
    91.55948553054662,
    92.00526161940952,
    91.93218357205495,
    91.90295235311312,
    92.30488161356328,
    91.98333820520315,
    92.4583455130079,
    92.15141771411868,
    92.7652733118971,
    92.8018123355744,
    92.72873428821981
  ],
  "val_loss": [
    0.9873484950124597,
    0.820620542146369,
    0.7923308551414974,
    0.8706050329815803,
    0.873770897082674,
    0.9385123830547349,
    0.7571122261902524,
    0.669438158110198,
    0.7332803132723913,
    0.49359144240669495,
    0.49829197025650906,
    0.30966412709353286,
    0.3575879351927951,
    0.40201765266505796,
    0.4687094093888946,
    0.4728473174941933,
    0.3355082583665434,
    0.291200406021542,
    0.433130586377552,
    0.26989191739509505,
    0.28174964379933143,
    0.2612243166012276,
    0.29941564968450823,
    0.2888843570706538,
    0.32827679488238776,
    0.6959499535926928,
    0.321251899159203,
    0.4345590350632038,
    0.3954434290838738,
    0.3255217101994074,
    0.22799701464828104,
    0.23571555035757935,
    0.3858251048562427,
    0.33625537578740883,
    0.25405414738795823,
    0.35058631599854884,
    0.24742728404493797,
    0.31099616912736866,
    0.26465032251629356,
    0.3143046851813172,
    0.33271485730074346,
    0.40328619301888263
  ],
  "val_accuracy": [
    62.231477422183254,
    62.56028057869356,
    63.700131521262605,
    63.524769837790444,
    63.94125383603683,
    62.05611573871109,
    67.79921087242438,
    71.26260412099955,
    72.02981148619027,
    77.55370451556335,
    77.88250767207366,
    85.90530469092504,
    84.41473038141166,
    80.68829460762824,
    78.34283209118807,
    79.76764576939938,
    84.78737395879,
    86.8478737395879,
    81.12669881630863,
    88.9083735203858,
    89.0179745725559,
    88.84261288908374,
    86.34370889960543,
    86.7382726874178,
    85.13809732573432,
    77.11530030688294,
    85.94914511179307,
    80.81981587023236,
    81.91582639193336,
    83.64752301622096,
    90.53046909250328,
    91.01271372205173,
    81.98158702323542,
    84.41473038141166,
    88.64533099517756,
    83.60368259535292,
    89.5659798334064,
    84.65585269618589,
    87.76852257781675,
    84.85313459009207,
    84.06400701446734,
    83.1433581762385
  ],
  "epochs": [
    1,
    2,
    3,
    4,
    5,
    6,
    7,
    8,
    9,
    10,
    11,
    12,
    13,
    14,
    15,
    16,
    17,
    18,
    19,
    20,
    21,
    22,
    23,
    24,
    25,
    26,
    27,
    28,
    29,
    30,
    31,
    32,
    33,
    34,
    35,
    36,
    37,
    38,
    39,
    40,
    41,
    42
  ],
  "best_epoch": 32,
  "best_val_accuracy": 91.01271372205173
}