{
  "train_loss": [
    0.7732885953421905,
    0.6497343146355352,
    0.6284139546278481,
    0.608215060468032,
    0.5936743261936669,
    0.5749353901526638,
    0.5562102048196526,
    0.5258584806573725,
    0.48620123743453875,
    0.43826378505920693,
    0.3896783832634721,
    0.3502908341377695,
    0.32512668743033274,
    0.30096721718801517,
    0.2771005399316271,
    0.27352429915950677,
    0.25420026251367317,
    0.24157385072000673,
    0.23487992069431554,
    0.22512912395123008,
    0.222417873896171,
    0.2111530603022776,
    0.20255772250695764,
    0.20597238772522622,
    0.19538107326376103,
    0.18968035770736844,
    0.18795466308142536,
    0.18794935543055288,
    0.1827460920316315,
    0.1760444657824864,
    0.17064642639848115,
    0.16574672794091366,
    0.1633016916218205,
    0.16199793923367686
  ],
  "train_accuracy": [
    62.587924970691674,
    67.4750879249707,
    68.22977725674092,
    69.69519343493552,
    70.33264947245017,
    71.64419695193435,
    73.37338804220398,
    75.41764361078546,
    78.31184056271981,
    80.66383352872215,
    84.17350527549824,
    85.71219226260258,
    86.75996483001173,
    88.17409144196952,
    89.11928487690504,
    89.06799531066822,
    89.93259085580304,
    90.32092614302462,
    90.89243845252052,
    90.88511137162955,
    91.02432590855803,
    91.7130715123095,
    92.09407971864009,
    91.83030480656507,
    92.18933177022274,
    92.51905041031652,
    92.71688159437281,
    92.57033997655334,
    92.68757327080891,
    92.83411488862836,
    93.00263774912075,
    93.25175849941384,
    93.31770222743259,
    93.59613130128956
  ],
  "val_loss": [
    1.224227563581533,
    1.2874027237606545,
    1.012893543475204,
    1.2950146139288943,
    1.0850916415349476,
    1.1762244446047891,
    1.123184959947442,
    1.015035683599611,
    0.8773084298397104,
    0.8956949348923646,
    0.8383012456793545,
    0.7594525276735011,
    0.7155025196003003,
    0.48845158664820093,
    0.48401575428175014,
    0.4811386483617955,
    0.3588382639508281,
    0.3080884372401569,
    0.3194692609055589,
    0.3872753298944897,
    0.47656119123308194,
    0.2912881551051719,
    0.2934739275628494,
    0.2364677397482511,
    0.3540100882269649,
    0.28162177190339815,
    0.37819346348341143,
    0.27756012114696205,
    0.4745012045217057,
    0.46873660737441647,
    0.29070829781186247,
    0.3401208010618575,
    0.30336614072115886,
    0.24320622900268063
  ],
  "val_accuracy": [
    62.826994943943724,
    59.33172125741921,
    60.40888107276324,
    58.67223565618817,
    61.8817322488459,
    61.837766542097164,
    62.76104638382062,
    63.5304462519235,
    67.025719938448,
    67.22356561881732,
    68.6084853814025,
    70.89470213233677,
    73.13695317652231,
    78.87447790723236,
    78.852495053858,
    79.11628929435041,
    83.82061991646516,
    85.97493954715323,
    86.0628709606507,
    84.4801055176962,
    81.27060892503847,
    87.18399648274347,
    87.46977357661025,
    90.63530446251923,
    84.5460540778193,
    87.1620136293691,
    83.11716860848539,
    87.79951637722576,
    81.86414596614641,
    83.66673994284459,
    88.17322488459001,
    86.56847658826116,
    87.93141349747197,
    90.28357880852934
  ],
  "epochs": [
    1,
    2,
    3,
    4,
    5,
    6,
    7,
    8,
    9,
    10,
    11,
    12,
    13,
    14,
    15,
    16,
    17,
    18,
    19,
    20,
    21,
    22,
    23,
    24,
    25,
    26,
    27,
    28,
    29,
    30,
    31,
    32,
    33,
    34
  ],
  "best_epoch": 24,
  "best_val_accuracy": 90.63530446251923
}