{
  "train_loss": [
    0.7917015541379697,
    0.6480949813517455,
    0.6229018995137973,
    0.6031842354302094,
    0.5881567228341771,
    0.5697182111929511,
    0.5410946131309616,
    0.5058664700416761,
    0.4474336708260474,
    0.40887631726599183,
    0.3671990619780861,
    0.33018263081245336,
    0.3144494064639662,
    0.302415463481551,
    0.29200552571042676,
    0.2725244543959047,
    0.2682112085624276,
    0.26754790725552036,
    0.2550478094718724,
    0.24865379870355686,
    0.2419701262124788,
    0.23554612626539212,
    0.23174765984588694,
    0.227002745407207,
    0.2306461614843841,
    0.22101228203728934,
    0.21487689014767933,
    0.21149531877207978,
    0.20878957253750238,
    0.2087451537775102
  ],
  "train_accuracy": [
    60.990621336459554,
    67.16002344665885,
    68.30304806565064,
    69.79044548651817,
    70.97010550996482,
    71.99589683470106,
    74.17203985932005,
    76.42145369284877,
    80.55392731535756,
    82.54689331770223,
    85.18464243845251,
    87.00175849941384,
    87.48534583821805,
    87.91031652989449,
    88.62837045720985,
    88.95076201641267,
    89.22919109026964,
    89.3464243845252,
    89.94724501758499,
    90.07913247362251,
    90.20369284876905,
    90.54073856975381,
    90.75322391559203,
    91.0609613130129,
    90.70193434935521,
    91.20750293083236,
    91.33206330597889,
    91.6324736225088,
    91.80832356389215,
    91.69109026963658
  ],
  "val_loss": [
    1.2404988510016766,
    1.2802242957728192,
    1.1845795504955783,
    1.2172745653531618,
    1.0817790831594418,
    1.3143378675967041,
    1.1577261497602902,
    1.030195765533588,
    0.776398487880619,
    0.5871662678610947,
    0.5380185398842312,
    0.5111557081626315,
    0.3977969927816755,
    0.7238461513641394,
    0.557523425280427,
    0.3393266358826723,
    0.39324358474308,
    0.5639993992453027,
    0.3923454199814134,
    0.28716922184038496,
    0.28749977643342894,
    0.49025190039537847,
    0.30731723576577175,
    0.3472249110475079,
    0.332315188095284,
    0.3036456445956396,
    0.34795758742580396,
    0.3543427573103044,
    0.8356811073220646,
    0.47775815369095653
  ],
  "val_accuracy": [
    62.717080677071884,
    59.02396131017806,
    61.53000659485601,
    63.046823477687404,
    63.486480545174764,
    58.91404704330622,
    60.386898219388875,
    61.31017806111233,
    70.96065069245988,
    73.92833589799956,
    76.1705869421851,
    78.01714662563201,
    82.3477687403825,
    72.82919322928116,
    78.54473510661684,
    85.42536821279403,
    84.12837986370631,
    76.54429544954935,
    82.52363156737745,
    88.08529347109254,
    87.44779072323588,
    81.182677511541,
    86.32666520114311,
    84.45812266432183,
    83.84260276983953,
    86.78830512200484,
    84.17234557045505,
    84.4141569575731,
    74.89558144647175,
    79.18223785447351
  ],
  "epochs": [
    1,
    2,
    3,
    4,
    5,
    6,
    7,
    8,
    9,
    10,
    11,
    12,
    13,
    14,
    15,
    16,
    17,
    18,
    19,
    20,
    21,
    22,
    23,
    24,
    25,
    26,
    27,
    28,
    29,
    30
  ],
  "best_epoch": 20,
  "best_val_accuracy": 88.08529347109254
}