{
  "train_loss": [
    0.9237778380692724,
    0.717863142490387,
    0.6632880331522011,
    0.6517772566841309,
    0.6285697681358061,
    0.6203503590750407,
    0.6028290487915636,
    0.5901174329849611,
    0.582591505653887,
    0.5674523050526539,
    0.5563098698495382,
    0.5415737948503839,
    0.5222136360335062,
    0.5097084052591438,
    0.4963083349796663,
    0.4932612234569458,
    0.4863059951598386,
    0.47241677541330634,
    0.46341106044240743,
    0.4544015792478998,
    0.44933652195585777,
    0.44098224194653063,
    0.4226100782313979,
    0.4237927697509168,
    0.41141330693141526,
    0.40494853509477824,
    0.38768022480499315,
    0.4013489754085081,
    0.385391440377178,
    0.3757868847215032,
    0.36760392066944075,
    0.36334957308079824,
    0.35662270759243564,
    0.3602864523249936,
    0.3459825546267521,
    0.332887483648507,
    0.33161093976842354,
    0.3325604205749121,
    0.3265110819813717,
    0.3209735673953252,
    0.322305323488741,
    0.30863325172160044,
    0.3102271375526865,
    0.30808700567268466,
    0.298290947295097,
    0.2952208689537393,
    0.30283925781048926,
    0.2908582556319524,
    0.2807432226387851,
    0.28577904995665493,
    0.2891934007765299,
    0.28989295607589816,
    0.28200997878988104,
    0.27323917775269013,
    0.27960017628698464,
    0.2807899954089199,
    0.27841390848877917,
    0.27647597818489533
  ],
  "train_accuracy": [
    54.195140470766894,
    64.540622627183,
    66.24905087319667,
    67.42596810933941,
    68.48899012908124,
    68.60288534548215,
    69.62794229309036,
    71.14654517843584,
    72.1336370539104,
    71.94381169324221,
    73.78511769172361,
    74.35459377372817,
    75.34168564920273,
    76.15793470007593,
    76.76537585421413,
    77.79043280182232,
    78.05618830675779,
    78.81548974943053,
    79.32801822323462,
    79.87851176917236,
    80.50493545937738,
    80.77069096431283,
    81.94760820045558,
    81.70083523158694,
    82.46013667425969,
    82.7828397873956,
    83.2953682611997,
    82.02353834472285,
    83.86484434320425,
    84.68109339407745,
    84.5292331055429,
    84.70007593014427,
    85.17463933181473,
    84.5292331055429,
    85.9529233105543,
    86.5793470007593,
    86.65527714502657,
    86.48443432042521,
    87.41457858769931,
    86.71222475322703,
    86.78815489749431,
    87.88914198936978,
    86.95899772209567,
    87.52847380410023,
    88.05998481397114,
    88.07896735003797,
    87.64236902050114,
    88.66742596810934,
    88.74335611237662,
    88.49658314350798,
    88.38268792710706,
    88.45861807137433,
    89.10402429764616,
    89.33181473044799,
    88.9331814730448,
    88.70539104024297,
    88.95216400911161,
    88.99012908124526
  ],
  "val_loss": [
    1.0108242737395423,
    1.0844959877431393,
    0.9168971010616848,
    1.0369834069694792,
    0.8760662291731153,
    0.811274877084153,
    0.9264632633754185,
    0.9065839770649161,
    1.0289063650582517,
    0.8439153478081737,
    0.947500577462571,
    0.9380778452115399,
    0.8885693201529128,
    0.7898676406059947,
    0.8569378474993365,
    0.7266064437904528,
    0.8449096796768052,
    0.7911800106189081,
    0.8162449023553303,
    0.8769169042685202,
    0.7615774537303618,
    0.7094353990895408,
    0.7541755509695837,
    0.8548232545810086,
    0.8112751197602067,
    0.8164982960692474,
    0.7802222421658891,
    0.5935213156044483,
    0.5982927922159433,
    0.6789778542837926,
    0.6445192689342158,
    0.6517490390688181,
    0.6855432351252863,
    0.5432481244206429,
    0.6288121959992817,
    0.4526485204696655,
    0.5211434944399765,
    0.5505936288141778,
    0.4369892818587167,
    0.5841333839510169,
    0.42978510659720215,
    0.48285654107374804,
    0.6307950599917344,
    0.5153783594391176,
    0.4398321645068271,
    0.49912357117448536,
    0.547826583098088,
    0.4352064730067338,
    0.527236363850534,
    0.4833841720329864,
    0.5299605278830443,
    0.5519539934716055,
    0.47708269195365055,
    0.4859949062977518,
    0.5078409520377006,
    0.5298357458252992,
    0.5059951479945864,
    0.5301580607358899
  ],
  "val_accuracy": [
    49.829157175398635,
    49.71526195899772,
    51.87927107061503,
    49.4874715261959,
    53.53075170842825,
    56.43507972665148,
    53.13211845102506,
    53.30296127562642,
    51.48063781321184,
    55.29612756264237,
    54.66970387243736,
    54.55580865603645,
    57.46013667425968,
    60.42141230068337,
    58.54214123006834,
    63.61047835990888,
    59.054669703872435,
    60.70615034168565,
    60.6492027334852,
    59.96583143507973,
    62.75626423690205,
    65.71753986332574,
    63.89521640091116,
    61.16173120728929,
    62.58542141230068,
    63.78132118451025,
    64.46469248291572,
    71.2984054669704,
    71.58314350797266,
    68.84965831435079,
    69.70387243735763,
    70.3872437357631,
    68.79271070615034,
    74.37357630979498,
    71.46924829157176,
    78.18906605922551,
    75.68337129840546,
    75.56947608200456,
    79.84054669703872,
    73.74715261958998,
    78.64464692482916,
    77.73348519362187,
    72.77904328018224,
    76.59453302961276,
    79.1002277904328,
    78.01822323462414,
    75.5125284738041,
    80.06833712984054,
    76.87927107061503,
    77.79043280182232,
    76.42369020501138,
    75.28473804100227,
    78.41685649202734,
    77.96127562642369,
    77.44874715261959,
    76.76537585421413,
    77.96127562642369,
    77.0501138952164
  ],
  "epochs": [
    1,
    2,
    3,
    4,
    5,
    6,
    7,
    8,
    9,
    10,
    11,
    12,
    13,
    14,
    15,
    16,
    17,
    18,
    19,
    20,
    21,
    22,
    23,
    24,
    25,
    26,
    27,
    28,
    29,
    30,
    31,
    32,
    33,
    34,
    35,
    36,
    37,
    38,
    39,
    40,
    41,
    42,
    43,
    44,
    45,
    46,
    47,
    48,
    49,
    50,
    51,
    52,
    53,
    54,
    55,
    56,
    57,
    58
  ],
  "best_epoch": 48,
  "best_val_accuracy": 80.06833712984054
}